Localidades;Períodos;Empregos Formais ;Empregos Formais das Pessoas com Ensino Fundamental Incompleto ;Empregos Formais das Pessoas com Ensino Fundamental Completo ;Empregos Formais das Pessoas com Ensino Médio Completo ;Empregos Formais das Pessoas com Ensino Superior Completo ;Cód. IBGE
Adamantina;2019;10305;773;1573;6059;1900;3500105
Adolfo;2019;949;255;203;351;140;3500204
Aguaí;2019;7223;829;1518;3707;1169;3500303
Águas da Prata;2019;1016;136;191;469;220;3500402
Águas de Lindóia;2019;4704;642;753;2573;736;3500501
Águas de Santa Bárbara;2019;1562;362;282;710;208;3500550
Águas de São Pedro;2019;1375;169;210;713;283;3500600
Agudos;2019;9117;716;1364;5439;1598;3500709
Alambari;2019;997;98;221;552;126;3500758
Alfredo Marcondes;2019;895;69;140;551;135;3500808
Altair;2019;736;204;171;261;100;3500907
Altinópolis;2019;3745;741;840;1609;555;3501004
Alto Alegre;2019;481;75;107;222;77;3501103
Alumínio;2019;6423;214;383;4743;1083;3501152
Álvares Florence;2019;502;72;69;250;111;3501202
Álvares Machado;2019;3340;474;497;1730;639;3501301
Álvaro de Carvalho;2019;366;70;43;180;73;3501400
Alvinlândia;2019;337;77;42;133;85;3501509
Americana;2019;72602;5498;10455;44048;12601;3501608
Américo Brasiliense;2019;9607;1530;2209;4533;1335;3501707
Américo de Campos;2019;610;79;75;298;158;3501806
Amparo;2019;23836;3421;3924;12097;4394;3501905
Analândia;2019;1056;168;264;483;141;3502002
Andradina;2019;15973;1998;2619;8943;2413;3502101
Angatuba;2019;5293;1338;790;2660;505;3502200
Anhembi;2019;1073;183;227;484;179;3502309
Anhumas;2019;477;77;71;212;117;3502408
Aparecida;2019;11496;755;2214;6870;1657;3502507
Aparecida d'Oeste;2019;691;91;65;385;150;3502606
Apiaí;2019;4800;682;607;2951;560;3502705
Aramina;2019;763;49;182;397;135;3503000
Arandu;2019;1370;431;273;487;179;3503109
Arapeí;2019;387;123;44;137;83;3503158
Araraquara;2019;75690;4762;14241;42417;14270;3503208
Araras;2019;39056;5091;5619;21102;7244;3503307
Araçariguama;2019;9837;717;1512;6164;1444;3502754
Araçatuba;2019;52405;2745;7482;32005;10173;3502804
Araçoiaba da Serra;2019;5866;548;815;3372;1131;3502903
Arco-Íris;2019;327;39;47;168;73;3503356
Arealva;2019;1521;167;474;686;194;3503406
Areias;2019;605;148;131;231;95;3503505
Areiópolis;2019;1247;119;235;689;204;3503604
Ariranha;2019;3553;974;564;1505;510;3503703
Artur Nogueira;2019;9125;1262;1611;4826;1426;3503802
Arujá;2019;24611;1643;3054;16049;3865;3503901
Aspásia;2019;219;33;41;76;69;3503950
Assis;2019;22443;928;2186;14285;5044;3504008
Atibaia;2019;41050;3637;6316;24087;7010;3504107
Auriflama;2019;2583;210;390;1569;414;3504206
Avaí;2019;1328;333;251;622;122;3504305
Avanhandava;2019;1764;393;404;723;244;3504404
Avaré;2019;22410;2876;4379;12044;3111;3504503
Bady Bassitt;2019;3065;117;424;2001;523;3504602
Balbinos;2019;377;45;59;227;46;3504701
Bálsamo;2019;1476;117;268;842;249;3504800
Bananal;2019;1658;314;423;648;273;3504909
Barão de Antonina;2019;585;27;99;390;69;3505005
Barbosa;2019;629;91;144;266;128;3505104
Bariri;2019;8894;1320;2237;4188;1149;3505203
Barra Bonita;2019;11306;1469;1870;6386;1581;3505302
Barra do Chapéu;2019;738;348;106;220;64;3505351
Barra do Turvo;2019;689;34;181;323;151;3505401
Barretos;2019;32463;2749;4407;19233;6074;3505500
Barrinha;2019;3914;277;828;2211;598;3505609
Barueri;2019;275570;15502;25005;151679;83384;3505708
Bastos;2019;7221;1237;1399;3714;871;3505807
Batatais;2019;15850;2352;3004;7214;3280;3505906
Bauru;2019;128780;6634;17212;79892;25042;3506003
Bebedouro;2019;28967;7670;3557;12895;4845;3506102
Bento de Abreu;2019;880;187;145;444;104;3506201
Bernardino de Campos;2019;2573;194;343;1605;431;3506300
Bertioga;2019;13533;1393;1906;8309;1925;3506359
Bilac;2019;1459;59;171;1003;226;3506409
Birigui;2019;30662;2396;6196;17037;5033;3506508
Biritiba Mirim;2019;3511;480;623;1985;423;3506607
Boa Esperança do Sul;2019;2654;567;846;932;309;3506706
Bocaina;2019;3350;849;696;1410;395;3506805
Bofete;2019;1940;315;373;1060;192;3506904
Boituva;2019;21532;1691;3102;12776;3963;3507001
Bom Jesus dos Perdões;2019;5425;468;853;3362;742;3507100
Bom Sucesso de Itararé;2019;651;161;183;202;105;3507159
Borá;2019;787;234;95;372;86;3507209
Boracéia;2019;1417;156;310;774;177;3507308
Borborema;2019;2738;189;561;1660;328;3507407
Borebi;2019;769;153;139;388;89;3507456
Botucatu;2019;42263;2363;5028;25933;8939;3507506
Bragança Paulista;2019;45109;3319;6228;27710;7852;3507605
Braúna;2019;505;61;81;247;116;3507704
Brejo Alegre;2019;520;153;89;188;90;3507753
Brodowski;2019;5468;353;884;3387;844;3507803
Brotas;2019;7110;1178;1296;3821;815;3507902
Buri;2019;4964;1305;1320;1772;567;3508009
Buritama;2019;3724;494;579;2108;543;3508108
Buritizal;2019;1787;474;368;731;214;3508207
Cabrália Paulista;2019;819;182;131;409;97;3508306
Cabreúva;2019;14745;1619;2308;8528;2290;3508405
Cachoeira Paulista;2019;5256;442;479;3021;1314;3508603
Caconde;2019;2017;249;392;1030;346;3508702
Cafelândia;2019;3921;603;719;2221;378;3508801
Caiabu;2019;355;48;35;168;104;3508900
Caieiras;2019;20815;1941;2736;12918;3220;3509007
Caiuá;2019;546;72;79;257;138;3509106
Cajamar;2019;42474;4469;4708;25908;7389;3509205
Cajati;2019;6690;1029;1292;3496;873;3509254
Cajobi;2019;1501;214;225;804;258;3509304
Cajuru;2019;5092;1016;879;2466;731;3509403
Campina do Monte Alegre;2019;841;128;135;396;182;3509452
Campinas;2019;411949;22091;53742;227185;108931;3509502
Campo Limpo Paulista;2019;12038;846;1711;6967;2514;3509601
Campos do Jordão;2019;13028;1127;2918;7093;1890;3509700
Campos Novos Paulista;2019;721;77;167;326;151;3509809
Cananéia;2019;1602;302;165;843;292;3509908
Canas;2019;918;96;137;526;159;3509957
Cândido Mota;2019;6109;462;608;3900;1139;3510005
Cândido Rodrigues;2019;693;97;117;383;96;3510104
Canitar;2019;518;67;96;240;115;3510153
Capão Bonito;2019;8156;1027;1130;5088;911;3510203
Capela do Alto;2019;3482;893;685;1486;418;3510302
Capivari;2019;15267;1780;2974;8220;2293;3510401
Caraguatatuba;2019;26297;1763;3041;17017;4476;3510500
Carapicuíba;2019;37168;3561;5852;22529;5226;3510609
Cardoso;2019;1399;196;194;725;284;3510708
Casa Branca;2019;6748;1034;1225;3514;975;3510807
Cássia dos Coqueiros;2019;473;117;73;202;81;3510906
Castilho;2019;3001;499;546;1503;453;3511003
Catanduva;2019;36244;2648;4727;22293;6576;3511102
Catiguá;2019;712;85;114;362;151;3511201
Caçapava;2019;22083;1231;2472;14694;3686;3508504
Cedral;2019;4884;193;450;3305;936;3511300
Cerqueira César;2019;4484;691;709;2449;635;3511409
Cerquilho;2019;12814;1582;2237;7180;1815;3511508
Cesário Lange;2019;3662;327;820;1983;532;3511607
Charqueada;2019;2321;273;420;1202;426;3511706
Chavantes;2019;1681;267;226;776;412;3557204
Clementina;2019;2835;617;634;1280;304;3511904
Colina;2019;5536;799;1258;2666;813;3512001
Colômbia;2019;5148;3257;675;981;235;3512100
Conchal;2019;5894;731;1406;2991;766;3512209
Conchas;2019;3349;236;320;2379;414;3512308
Cordeirópolis;2019;10311;1239;2244;5221;1607;3512407
Coroados;2019;961;92;222;490;157;3512506
Coronel Macedo;2019;838;101;170;454;113;3512605
Corumbataí;2019;1102;170;289;490;153;3512704
Cosmópolis;2019;9879;994;1229;5867;1789;3512803
Cosmorama;2019;2245;353;410;1233;249;3512902
Cotia;2019;75971;6030;8602;45977;15362;3513009
Cravinhos;2019;8824;569;1193;5351;1711;3513108
Cristais Paulista;2019;1448;399;307;514;228;3513207
Cruzália;2019;387;39;116;128;104;3513306
Cruzeiro;2019;16488;748;1276;11141;3323;3513405
Cubatão;2019;24570;2459;3392;14636;4083;3513504
Cunha;2019;2292;483;434;1036;339;3513603
Descalvado;2019;9619;1296;2591;4323;1409;3513702
Diadema;2019;88242;6199;11896;55676;14471;3513801
Dirce Reis;2019;313;59;42;130;82;3513850
Divinolândia;2019;2273;209;307;1333;424;3513900
Dobrada;2019;730;84;126;366;154;3514007
Dois Córregos;2019;5148;544;1160;2655;789;3514106
Dolcinópolis;2019;269;52;29;127;61;3514205
Dourado;2019;2773;266;589;1570;348;3514304
Dracena;2019;11923;826;1560;7322;2215;3514403
Duartina;2019;2339;333;345;1303;358;3514502
Dumont;2019;2090;245;363;1162;320;3514601
Echaporã;2019;829;77;108;479;165;3514700
Eldorado;2019;2022;437;466;861;258;3514809
Elias Fausto;2019;5220;1166;944;2563;547;3514908
Elisiário;2019;554;157;97;231;69;3514924
Embaúba;2019;360;54;88;137;81;3514957
Embu das Artes;2019;46324;3718;6387;28497;7722;3515004
Embu-Guaçu;2019;8359;569;1016;5210;1564;3515103
Emilianópolis;2019;331;38;38;175;80;3515129
Engenheiro Coelho;2019;4819;369;672;2596;1182;3515152
Espírito Santo do Pinhal;2019;11664;1220;2308;6353;1783;3515186
Espírito Santo do Turvo;2019;549;107;73;271;98;3515194
Estiva Gerbi;2019;2385;528;399;1128;330;3557303
Estrela d'Oeste;2019;3621;737;718;1681;485;3515202
Estrela do Norte;2019;351;58;159;59;75;3515301
Euclides da Cunha Paulista;2019;743;68;89;449;137;3515350
Fartura;2019;3754;322;598;2365;469;3515400
Fernando Prestes;2019;1369;191;234;765;179;3515608
Fernandópolis;2019;16704;1392;2393;9558;3361;3515509
Fernão;2019;329;50;68;159;52;3515657
Ferraz de Vasconcelos;2019;19387;1269;2422;12938;2758;3515707
Flora Rica;2019;277;24;32;145;76;3515806
Floreal;2019;448;58;69;244;77;3515905
Flórida Paulista;2019;1360;78;335;769;178;3516002
Florínea;2019;495;78;86;236;95;3516101
Franca;2019;86654;6188;13614;52332;14520;3516200
Francisco Morato;2019;9635;572;1149;5588;2326;3516309
Franco da Rocha;2019;17889;960;1900;11994;3035;3516408
Gabriel Monteiro;2019;910;81;171;541;117;3516507
Gália;2019;1310;215;275;647;173;3516606
Garça;2019;10273;794;1423;6291;1765;3516705
Gastão Vidigal;2019;304;23;48;160;73;3516804
Gavião Peixoto;2019;4194;429;288;2168;1309;3516853
General Salgado;2019;1579;182;211;801;385;3516903
Getulina;2019;1241;242;367;525;107;3517000
Glicério;2019;877;140;265;336;136;3517109
Guaimbê;2019;555;72;153;233;97;3517307
Guaíra;2019;15072;3849;2950;6743;1530;3517406
Guaiçara;2019;1579;304;274;779;222;3517208
Guapiara;2019;2128;439;350;1057;282;3517604
Guapiaçu;2019;4746;830;987;2169;760;3517505
Guará;2019;3025;386;494;1510;635;3517703
Guaraci;2019;2466;476;306;1231;453;3517901
Guarani d'Oeste;2019;313;21;39;175;78;3518008
Guarantã;2019;1175;216;202;664;93;3518107
Guararapes;2019;6638;996;1259;3266;1117;3518206
Guararema;2019;8023;602;1040;4979;1402;3518305
Guaratinguetá;2019;31455;2025;5216;18656;5558;3518404
Guaraçaí;2019;1363;219;196;760;188;3517802
Guareí;2019;2345;541;203;1394;207;3518503
Guariba;2019;7258;773;1178;4256;1051;3518602
Guarujá;2019;47510;4535;7296;28156;7523;3518701
Guarulhos;2019;341395;21683;40002;221543;58167;3518800
Guatapará;2019;1537;110;367;793;267;3518859
Guzolândia;2019;609;92;108;320;89;3518909
Herculândia;2019;1250;224;176;673;177;3519006
Holambra;2019;10334;1828;3262;3923;1321;3519055
Hortolândia;2019;46467;2491;4686;24919;14371;3519071
Iacanga;2019;2990;515;526;1648;301;3519105
Iacri;2019;935;141;209;446;139;3519204
Iaras;2019;1739;240;237;932;330;3519253
Ibaté;2019;6222;769;1950;2766;737;3519303
Ibirá;2019;2019;242;195;1321;261;3519402
Ibirarema;2019;724;108;85;390;141;3519501
Ibitinga;2019;15703;1838;4131;8457;1277;3519600
Ibiúna;2019;14181;2248;2848;7299;1786;3519709
Icém;2019;978;156;156;495;171;3519808
Iepê;2019;1064;86;123;670;185;3519907
Igarapava;2019;5840;863;1201;2960;816;3520103
Igaratá;2019;1686;91;287;1027;281;3520202
Igaraçu do Tietê;2019;2328;222;343;1319;444;3520004
Iguape;2019;2803;185;282;1776;560;3520301
Ilha Comprida;2019;1700;40;207;1064;389;3520426
Ilha Solteira;2019;5023;294;588;3023;1118;3520442
Ilhabela;2019;9332;799;1301;5469;1763;3520400
Indaiatuba;2019;78478;4355;9249;48777;16097;3520509
Indiana;2019;618;54;120;329;115;3520608
Indiaporã;2019;279;40;48;137;54;3520707
Inúbia Paulista;2019;887;109;157;476;145;3520806
Ipaussu;2019;3513;631;573;1810;499;3520905
Iperó;2019;6396;449;931;3979;1037;3521002
Ipeúna;2019;1923;317;402;827;377;3521101
Ipiguá;2019;1189;138;173;740;138;3521150
Iporanga;2019;570;54;113;297;106;3521200
Ipuã;2019;2748;408;510;1397;433;3521309
Iracemápolis;2019;7229;997;1104;4034;1094;3521408
Irapuã;2019;1038;149;235;516;138;3521507
Irapuru;2019;666;19;73;409;165;3521606
Itaberá;2019;2831;314;782;1432;303;3521705
Itaí;2019;5160;969;942;2643;606;3521804
Itajobi;2019;3570;415;769;1884;502;3521903
Itaju;2019;614;60;168;286;100;3522000
Itanhaém;2019;15218;832;2013;9424;2949;3522109
Itaoca;2019;307;37;39;184;47;3522158
Itapecerica da Serra;2019;23031;1886;3168;13657;4320;3522208
Itapetininga;2019;36808;3038;4363;24550;4857;3522307
Itapeva;2019;20565;2014;4781;11146;2624;3522406
Itapevi;2019;34814;1424;4020;20399;8971;3522505
Itapira;2019;24564;2130;3540;14978;3916;3522604
Itapirapuã Paulista;2019;568;97;125;273;73;3522653
Itápolis;2019;10081;1515;1428;5781;1357;3522703
Itaporanga;2019;2191;159;382;1332;318;3522802
Itapuí;2019;4557;750;1522;1883;402;3522901
Itapura;2019;656;99;92;378;87;3523008
Itaquaquecetuba;2019;44191;2877;5608;28240;7466;3523107
Itararé;2019;8446;668;1895;4515;1368;3523206
Itariri;2019;1602;233;293;806;270;3523305
Itatiba;2019;34953;3715;6207;18584;6447;3523404
Itatinga;2019;3058;696;486;1504;372;3523503
Itirapina;2019;4267;506;934;2244;583;3523602
Itirapuã;2019;737;262;116;244;115;3523701
Itobi;2019;994;161;162;552;119;3523800
Itu;2019;55505;4717;7808;32747;10233;3523909
Itupeva;2019;28846;1777;3585;18598;4886;3524006
Ituverava;2019;7548;592;1111;4214;1631;3524105
Jaborandi;2019;902;107;166;468;161;3524204
Jaboticabal;2019;22172;2807;3951;11438;3976;3524303
Jacareí;2019;49993;3341;4976;31078;10598;3524402
Jaci;2019;2810;286;607;1569;348;3524501
Jacupiranga;2019;3253;560;633;1704;356;3524600
Jaguariúna;2019;34490;1693;4091;18176;10530;3524709
Jales;2019;11594;860;1415;6978;2341;3524808
Jambeiro;2019;2673;294;307;1696;376;3524907
Jandira;2019;19274;1141;2204;12083;3846;3525003
Jardinópolis;2019;9138;883;1879;4985;1391;3525102
Jarinu;2019;9248;637;1183;5550;1878;3525201
Jaú;2019;37693;3251;8123;19964;6355;3525300
Jeriquara;2019;732;150;150;294;138;3525409
Joanópolis;2019;2393;376;460;1297;260;3525508
João Ramalho;2019;535;72;90;267;106;3525607
José Bonifácio;2019;9850;1075;2128;5548;1099;3525706
Júlio Mesquita;2019;480;66;108;189;117;3525805
Jumirim;2019;1315;190;335;634;156;3525854
Jundiaí;2019;171931;11108;21889;102740;36194;3525904
Junqueirópolis;2019;5636;518;791;3434;893;3526001
Juquiá;2019;2347;321;408;1216;402;3526100
Juquitiba;2019;4559;481;688;2835;555;3526209
Lagoinha;2019;712;192;121;317;82;3526308
Laranjal Paulista;2019;9371;1801;2054;4493;1023;3526407
Lavínia;2019;682;105;91;353;133;3526506
Lavrinhas;2019;817;119;174;343;181;3526605
Leme;2019;22790;2396;3892;13095;3407;3526704
Lençóis Paulista;2019;20963;2217;2642;12787;3317;3526803
Limeira;2019;83605;4901;11575;51963;15166;3526902
Lindóia;2019;1948;287;390;931;340;3527009
Lins;2019;24909;3227;4266;13325;4091;3527108
Lorena;2019;16923;876;1534;10683;3830;3527207
Lourdes;2019;251;12;51;116;72;3527256
Louveira;2019;17144;996;2094;10408;3646;3527306
Lucélia;2019;9105;1467;1709;5130;799;3527405
Lucianópolis;2019;1066;524;155;304;83;3527504
Luís Antônio;2019;7030;3083;1073;2298;576;3527603
Luiziânia;2019;534;37;73;292;132;3527702
Lupércio;2019;567;71;148;250;98;3527801
Lutécia;2019;467;63;173;158;73;3527900
Macatuba;2019;3896;528;617;2205;546;3528007
Macaubal;2019;1754;82;148;1116;408;3528106
Macedônia;2019;515;114;93;220;88;3528205
Magda;2019;585;124;134;221;106;3528304
Mairinque;2019;9292;750;1474;5440;1628;3528403
Mairiporã;2019;15051;1191;1935;9966;1959;3528502
Manduri;2019;1574;291;198;881;204;3528601
Marabá Paulista;2019;622;142;100;259;121;3528700
Maracaí;2019;2728;620;397;1313;398;3528809
Marapoama;2019;1604;520;191;729;164;3528858
Mariápolis;2019;335;24;76;150;85;3528908
Marília;2019;69925;3873;8136;43949;13967;3529005
Marinópolis;2019;298;27;24;175;72;3529104
Martinópolis;2019;3068;340;320;1801;607;3529203
Matão;2019;33582;9177;5284;15231;3890;3529302
Mauá;2019;60677;3750;7239;41161;8527;3529401
Mendonça;2019;2441;661;530;1015;235;3529500
Meridiano;2019;2007;342;449;965;251;3529609
Mesópolis;2019;247;28;32;117;70;3529658
Miguelópolis;2019;2852;267;404;1726;455;3529708
Mineiros do Tietê;2019;1505;125;260;896;224;3529807
Mira Estrela;2019;435;80;79;166;110;3530003
Miracatu;2019;2981;296;472;1795;418;3529906
Mirandópolis;2019;3914;298;488;2581;547;3530102
Mirante do Paranapanema;2019;3693;397;661;2228;407;3530201
Mirassol;2019;14546;1311;2386;8580;2269;3530300
Mirassolândia;2019;772;113;108;445;106;3530409
Mococa;2019;17320;2879;2735;9380;2326;3530508
Mogi das Cruzes;2019;102112;5870;10598;68574;17070;3530607
Mogi Guaçu;2019;40284;5176;5634;22622;6852;3530706
Mogi Mirim;2019;28799;2308;4207;17208;5076;3530805
Mombuca;2019;628;143;119;258;108;3530904
Mongaguá;2019;6669;365;1003;4165;1136;3531100
Monte Alegre do Sul;2019;1353;160;434;560;199;3531209
Monte Alto;2019;13393;1139;2278;7802;2174;3531308
Monte Aprazível;2019;3772;436;681;1944;711;3531407
Monte Azul Paulista;2019;5338;1414;774;2442;708;3531506
Monte Castelo;2019;518;76;107;240;95;3531605
Monte Mor;2019;12429;1040;1957;7020;2412;3531803
Monteiro Lobato;2019;623;102;110;323;88;3531704
Monções;2019;932;247;136;415;134;3531001
Morro Agudo;2019;7201;1318;1336;3587;960;3531902
Morungaba;2019;4373;647;1074;2225;427;3532009
Motuca;2019;667;90;103;344;130;3532058
Murutinga do Sul;2019;445;94;46;205;100;3532108
Nantes;2019;370;57;48;181;84;3532157
Narandiba;2019;1106;151;114;669;172;3532207
Natividade da Serra;2019;675;159;105;282;129;3532306
Nazaré Paulista;2019;2813;263;434;1505;611;3532405
Neves Paulista;2019;1561;207;280;860;214;3532504
Nhandeara;2019;1763;162;233;1016;352;3532603
Nipoã;2019;647;146;127;255;119;3532702
Nova Aliança;2019;1396;205;267;720;204;3532801
Nova Campina;2019;2142;224;298;1280;340;3532827
Nova Canaã Paulista;2019;217;29;15;98;75;3532843
Nova Castilho;2019;62;11;13;32;6;3532868
Nova Europa;2019;3454;1178;655;1258;363;3532900
Nova Granada;2019;2892;319;580;1524;469;3533007
Nova Guataporanga;2019;237;55;29;90;63;3533106
Nova Independência;2019;1668;286;277;884;221;3533205
Nova Luzitânia;2019;279;11;31;147;90;3533304
Nova Odessa;2019;19490;2053;3108;11825;2504;3533403
Novais;2019;514;105;100;181;128;3533254
Novo Horizonte;2019;9578;1454;2197;4476;1451;3533502
Nuporanga;2019;3093;621;679;1440;353;3533601
Ocauçu;2019;858;200;159;396;103;3533700
Óleo;2019;334;46;70;158;60;3533809
Olímpia;2019;16313;1974;2385;9007;2947;3533908
Onda Verde;2019;2440;687;533;1044;176;3534005
Oriente;2019;885;95;133;525;132;3534104
Orindiúva;2019;3001;660;574;1204;563;3534203
Orlândia;2019;11820;1516;2811;5922;1571;3534302
Osasco;2019;162631;8856;19223;93949;40603;3534401
Oscar Bressane;2019;459;62;53;232;112;3534500
Osvaldo Cruz;2019;7794;363;1001;5117;1313;3534609
Ourinhos;2019;27939;2877;4519;15471;5072;3534708
Ouro Verde;2019;712;38;164;338;172;3534807
Ouroeste;2019;2630;351;410;1429;440;3534757
Pacaembu;2019;2119;101;161;1403;454;3534906
Palestina;2019;3543;943;649;1608;343;3535002
Palmares Paulista;2019;808;43;126;435;204;3535101
Palmeira d'Oeste;2019;1067;146;135;555;231;3535200
Palmital;2019;4199;456;631;2267;845;3535309
Panorama;2019;2684;85;745;1541;313;3535408
Paraguaçu Paulista;2019;12801;1800;1743;7525;1733;3535507
Paraibuna;2019;2697;507;491;1291;408;3535606
Paraíso;2019;1883;508;228;926;221;3535705
Paranapanema;2019;4815;1061;1228;1849;677;3535804
Paranapuã;2019;770;187;105;364;114;3535903
Parapuã;2019;2859;396;775;1331;357;3536000
Pardinho;2019;2268;451;572;1012;233;3536109
Pariquera-Açu;2019;4316;742;485;2322;767;3536208
Parisi;2019;339;53;49;171;66;3536257
Patrocínio Paulista;2019;4268;672;716;2238;642;3536307
Paulicéia;2019;2022;279;339;1183;221;3536406
Paulínia;2019;46650;3445;7239;26324;9642;3536505
Paulistânia;2019;314;48;63;144;59;3536570
Paulo de Faria;2019;1003;192;197;450;164;3536604
Pederneiras;2019;12153;1701;2869;6073;1510;3536703
Pedra Bela;2019;905;150;131;493;131;3536802
Pedranópolis;2019;448;79;93;202;74;3536901
Pedregulho;2019;3082;630;547;1471;434;3537008
Pedreira;2019;13352;2097;2844;6843;1568;3537107
Pedrinhas Paulista;2019;608;82;71;331;124;3537156
Pedro de Toledo;2019;929;123;180;482;144;3537206
Penápolis;2019;14448;1296;2963;7991;2198;3537305
Pereira Barreto;2019;5365;769;750;2905;941;3537404
Pereiras;2019;2506;520;520;1238;228;3537503
Peruíbe;2019;9792;470;1656;5940;1726;3537602
Piacatu;2019;994;64;198;493;239;3537701
Piedade;2019;7903;597;1247;5068;991;3537800
Pilar do Sul;2019;5707;567;1172;3171;797;3537909
Pindamonhangaba;2019;32635;1840;3394;20913;6488;3538006
Pindorama;2019;2485;234;468;1329;454;3538105
Pinhalzinho;2019;2141;283;395;1152;311;3538204
Piquerobi;2019;551;135;94;244;78;3538303
Piquete;2019;1405;142;132;857;274;3538501
Piracaia;2019;4807;477;650;2951;729;3538600
Piracicaba;2019;123221;9486;17197;71775;24763;3538709
Piraju;2019;6024;622;939;3536;927;3538808
Pirajuí;2019;3701;486;569;2155;491;3538907
Pirangi;2019;2497;359;438;1360;340;3539004
Pirapora do Bom Jesus;2019;2314;275;370;1138;531;3539103
Pirapozinho;2019;5483;429;1100;3014;940;3539202
Pirassununga;2019;22195;2356;3789;11823;4227;3539301
Piratininga;2019;1923;176;225;1237;285;3539400
Pitangueiras;2019;7831;1265;1429;4130;1007;3539509
Planalto;2019;2056;452;900;518;186;3539608
Platina;2019;521;98;90;224;109;3539707
Poá;2019;26410;2177;3230;17796;3207;3539806
Poloni;2019;956;183;258;407;108;3539905
Pompéia;2019;7579;466;832;4391;1890;3540002
Pongaí;2019;447;52;88;211;96;3540101
Pontal;2019;9652;4574;1905;2316;857;3540200
Pontalinda;2019;371;52;50;145;124;3540259
Pontes Gestal;2019;592;113;72;270;137;3540309
Populina;2019;522;73;89;244;116;3540408
Porangaba;2019;1391;140;400;685;166;3540507
Porto Feliz;2019;15993;1104;2195;9934;2760;3540606
Porto Ferreira;2019;15504;1483;3180;8666;2175;3540705
Potim;2019;1339;91;204;718;326;3540754
Potirendaba;2019;4462;672;984;2160;646;3540804
Pracinha;2019;274;4;97;125;48;3540853
Pradópolis;2019;7169;1610;1253;3458;848;3540903
Praia Grande;2019;52874;3232;8013;32185;9444;3541000
Pratânia;2019;1270;224;254;686;106;3541059
Presidente Alves;2019;563;111;109;284;59;3541109
Presidente Bernardes;2019;2515;241;317;1391;566;3541208
Presidente Epitácio;2019;5639;307;491;3855;986;3541307
Presidente Prudente;2019;66120;4581;7657;40516;13366;3541406
Presidente Venceslau;2019;5967;484;818;3719;946;3541505
Promissão;2019;8986;1692;2037;4137;1120;3541604
Quadra;2019;609;94;105;294;116;3541653
Quatá;2019;3842;600;606;2206;430;3541703
Queiroz;2019;3021;669;709;1402;241;3541802
Queluz;2019;1677;288;352;802;235;3541901
Quintana;2019;1287;137;201;754;195;3542008
Rafard;2019;2595;585;631;1114;265;3542107
Rancharia;2019;6989;909;1121;4089;870;3542206
Redenção da Serra;2019;934;92;123;622;97;3542305
Regente Feijó;2019;4959;400;976;2996;587;3542404
Reginópolis;2019;1073;204;250;484;135;3542503
Registro;2019;13550;729;1762;8748;2311;3542602
Restinga;2019;1656;392;331;702;231;3542701
Ribeira;2019;530;40;51;390;49;3542800
Ribeirão Bonito;2019;1753;250;468;697;338;3542909
Ribeirão Branco;2019;3553;328;1849;1137;239;3543006
Ribeirão Corrente;2019;722;176;115;307;124;3543105
Ribeirão do Sul;2019;607;71;54;338;144;3543204
Ribeirão dos Índios;2019;321;34;50;174;63;3543238
Ribeirão Grande;2019;597;100;115;280;102;3543253
Ribeirão Pires;2019;21585;1397;2326;13979;3883;3543303
Ribeirão Preto;2019;235784;15521;32920;136979;50364;3543402
Rifaina;2019;910;104;162;516;128;3543600
Rincão;2019;1411;218;441;543;209;3543709
Rinópolis;2019;1860;123;275;1198;264;3543808
Rio Claro;2019;64063;5179;9879;37642;11363;3543907
Rio das Pedras;2019;8776;916;1702;4931;1227;3544004
Rio Grande da Serra;2019;3576;280;434;2323;539;3544103
Riolândia;2019;1055;151;148;488;268;3544202
Riversul;2019;585;89;142;251;103;3543501
Rosana;2019;2481;159;350;1413;559;3544251
Roseira;2019;2402;316;374;1376;336;3544301
Rubiácea;2019;518;178;114;155;71;3544400
Rubinéia;2019;635;50;101;342;142;3544509
Sabino;2019;561;103;98;249;111;3544608
Sagres;2019;328;58;31;169;70;3544707
Sales;2019;864;75;197;413;179;3544806
Sales Oliveira;2019;2534;392;628;1140;374;3544905
Salesópolis;2019;2138;374;366;1052;346;3545001
Salmourão;2019;441;85;64;188;104;3545100
Saltinho;2019;1500;133;265;861;241;3545159
Salto;2019;31006;2073;5552;18574;4807;3545209
Salto de Pirapora;2019;6318;573;890;3761;1094;3545308
Salto Grande;2019;1409;148;270;733;258;3545407
Sandovalina;2019;2134;394;1033;428;279;3545506
Santa Adélia;2019;4625;1443;612;2046;524;3545605
Santa Albertina;2019;2976;814;527;1317;318;3545704
Santa Bárbara d'Oeste;2019;44758;4553;8583;25277;6345;3545803
Santa Branca;2019;2142;279;299;1231;333;3546009
Santa Clara d'Oeste;2019;771;97;168;372;134;3546108
Santa Cruz da Conceição;2019;1195;374;243;482;96;3546207
Santa Cruz da Esperança;2019;400;98;83;156;63;3546256
Santa Cruz das Palmeiras;2019;5757;1403;969;2483;902;3546306
Santa Cruz do Rio Pardo;2019;15234;3296;2600;7144;2194;3546405
Santa Ernestina;2019;543;18;139;266;120;3546504
Santa Fé do Sul;2019;9242;718;1234;5351;1939;3546603
Santa Gertrudes;2019;8228;756;2138;4388;946;3546702
Santa Isabel;2019;10041;926;1228;6596;1291;3546801
Santa Lúcia;2019;621;66;150;292;113;3546900
Santa Maria da Serra;2019;1208;126;210;770;102;3547007
Santa Mercedes;2019;363;44;79;178;62;3547106
Santa Rita d'Oeste;2019;333;54;50;160;69;3547403
Santa Rita do Passa Quatro;2019;5465;542;935;3180;808;3547502
Santa Rosa de Viterbo;2019;4251;378;568;2585;720;3547601
Santa Salete;2019;207;22;35;87;63;3547650
Santana da Ponte Pensa;2019;212;10;35;112;55;3547205
Santana de Parnaíba;2019;55249;3758;6071;31360;14060;3547304
Santo Anastácio;2019;3338;229;344;2147;618;3547700
Santo André;2019;214217;20791;31223;122622;39581;3547809
Santo Antônio da Alegria;2019;1125;213;271;453;188;3547908
Santo Antônio de Posse;2019;7918;1042;1354;4222;1300;3548005
Santo Antônio do Aracanguá;2019;1642;293;283;805;261;3548054
Santo Antônio do Jardim;2019;1218;185;269;612;152;3548104
Santo Antônio do Pinhal;2019;1169;73;188;717;191;3548203
Santo Expedito;2019;318;12;72;165;69;3548302
Santópolis do Aguapeí;2019;532;48;111;273;100;3548401
Santos;2019;178529;15542;24071;96516;42400;3548500
São Bento do Sapucaí;2019;1666;228;224;965;249;3548609
São Bernardo do Campo;2019;258124;18276;28957;149756;61135;3548708
São Caetano do Sul;2019;109344;7404;13117;65280;23543;3548807
São Carlos;2019;75703;4096;17119;37916;16572;3548906
São Francisco;2019;218;47;25;84;62;3549003
São João da Boa Vista;2019;23672;2231;4150;12588;4703;3549102
São João das Duas Pontes;2019;273;56;37;106;74;3549201
São João de Iracema;2019;259;61;50;84;64;3549250
São João do Pau d'Alho;2019;230;52;18;112;48;3549300
São Joaquim da Barra;2019;12468;1590;1846;7249;1783;3549409
São José da Bela Vista;2019;811;140;92;404;175;3549508
São José do Barreiro;2019;524;110;75;225;114;3549607
São José do Rio Pardo;2019;14529;1117;2026;9049;2337;3549706
São José do Rio Preto;2019;142230;8203;18342;84542;31143;3549805
São José dos Campos;2019;182177;7472;18099;113863;42743;3549904
São Lourenço da Serra;2019;8330;1262;2472;4205;391;3549953
São Luiz do Paraitinga;2019;1823;339;247;980;257;3550001
São Manuel;2019;8237;1302;1379;4415;1141;3550100
São Miguel Arcanjo;2019;4502;681;618;2564;639;3550209
São Paulo;2019;5109943;303275;564958;2583302;1658408;3550308
São Pedro;2019;6593;597;1150;3851;995;3550407
São Pedro do Turvo;2019;1345;310;293;538;204;3550506
São Roque;2019;21439;1893;3059;13219;3268;3550605
São Sebastião;2019;18477;1766;3092;10854;2765;3550704
São Sebastião da Grama;2019;2634;612;344;1251;427;3550803
São Simão;2019;3318;446;646;1835;391;3550902
São Vicente;2019;35824;3052;5665;20065;7042;3551009
Sarapuí;2019;1892;258;271;1166;197;3551108
Sarutaiá;2019;596;82;91;333;90;3551207
Sebastianópolis do Sul;2019;2262;448;474;1099;241;3551306
Serra Azul;2019;845;104;149;450;142;3551405
Serra Negra;2019;6444;933;1525;3334;652;3551603
Serrana;2019;7421;1370;1078;3810;1163;3551504
Sertãozinho;2019;41384;5999;8845;20223;6317;3551702
Sete Barras;2019;1854;432;520;699;203;3551801
Severínia;2019;2351;435;489;1074;353;3551900
Silveiras;2019;790;228;81;344;137;3552007
Socorro;2019;8208;794;1476;4798;1140;3552106
Sorocaba;2019;198658;9381;22223;127474;39580;3552205
Sud Mennucci;2019;1602;460;313;536;293;3552304
Sumaré;2019;56183;3108;7066;35625;10384;3552403
Suzanápolis;2019;1480;301;234;658;287;3552551
Suzano;2019;64894;2963;7013;44644;10274;3552502
Tabapuã;2019;1985;287;368;1031;299;3552601
Tabatinga;2019;3445;850;618;1608;369;3552700
Taboão da Serra;2019;64855;3869;8857;40484;11645;3552809
Taciba;2019;800;42;198;382;178;3552908
Taguaí;2019;4569;980;610;2631;348;3553005
Taiaçu;2019;665;119;111;283;152;3553104
Taiúva;2019;747;127;156;311;153;3553203
Tambaú;2019;5908;1380;1166;2707;655;3553302
Tanabi;2019;5417;765;984;2840;828;3553401
Tapiraí;2019;1157;147;310;569;131;3553500
Tapiratiba;2019;2684;752;320;1170;442;3553609
Taquaral;2019;547;126;142;195;84;3553658
Taquaritinga;2019;10676;1596;1558;5783;1739;3553708
Taquarituba;2019;4960;409;609;3251;691;3553807
Taquarivaí;2019;1429;128;512;601;188;3553856
Tarabai;2019;1018;89;186;561;182;3553906
Tarumã;2019;5047;628;954;2778;687;3553955
Tatuí;2019;29395;2490;4122;17961;4822;3554003
Taubaté;2019;81699;4412;9469;50339;17479;3554102
Tejupá;2019;1174;445;147;453;129;3554201
Teodoro Sampaio;2019;3304;357;460;1912;575;3554300
Terra Roxa;2019;1226;195;245;545;241;3554409
Tietê;2019;14193;1987;2584;7631;1991;3554508
Timburi;2019;445;101;40;205;99;3554607
Torre de Pedra;2019;223;29;38;105;51;3554656
Torrinha;2019;2091;288;459;1091;253;3554706
Trabiju;2019;354;48;91;146;69;3554755
Tremembé;2019;4826;484;653;2770;919;3554805
Três Fronteiras;2019;633;120;77;302;134;3554904
Tuiuti;2019;646;127;96;288;135;3554953
Tupã;2019;16584;1087;1845;11154;2498;3555000
Tupi Paulista;2019;2256;243;255;1286;472;3555109
Turiúba;2019;280;38;49;130;63;3555208
Turmalina;2019;316;84;50;104;78;3555307
Ubarana;2019;1460;372;254;674;160;3555356
Ubatuba;2019;20618;1484;2917;13998;2219;3555406
Ubirajara;2019;1448;518;289;515;126;3555505
Uchoa;2019;1265;78;273;659;255;3555604
União Paulista;2019;287;79;30;128;50;3555703
Urânia;2019;1284;140;187;781;176;3555802
Uru;2019;261;52;79;78;52;3555901
Urupês;2019;2708;266;422;1669;351;3556008
Valentim Gentil;2019;2937;174;422;2035;306;3556107
Valinhos;2019;48031;3213;7083;27407;10328;3556206
Valparaíso;2019;5816;991;1022;3048;755;3556305
Vargem;2019;936;148;210;429;149;3556354
Vargem Grande do Sul;2019;7387;1283;1334;3736;1034;3556404
Vargem Grande Paulista;2019;12025;928;1741;7292;2064;3556453
Várzea Paulista;2019;17467;1716;2911;10039;2801;3556503
Vera Cruz;2019;1240;177;153;700;210;3556602
Vinhedo;2019;37793;3490;5421;21260;7622;3556701
Viradouro;2019;2924;265;436;1714;509;3556800
Vista Alegre do Alto;2019;3383;1117;614;1331;321;3556909
Vitória Brasil;2019;206;31;41;77;57;3556958
Votorantim;2019;19684;901;1908;13329;3546;3557006
Votuporanga;2019;26440;2061;3636;15888;4855;3557105
Zacarias;2019;585;61;124;287;113;3557154
